Method,F1-Score,Precision,Recall,Silhouette_Score
SVM,0.9955214331413947,0.998289136013687,0.9927690344534241,
Random Forest,1.0,1.0,1.0,
K-Means (k=5),0.31500473365695064,,,0.31500473365695064
